first_name,last_name,email,gender,ip_address,state
Magdalena,Anfonsi,manfonsi0@icq.com,Non-binary,219.222.151.31,FL
Vera,Woolerton,vwoolerton1@clickbank.net,Genderfluid,221.59.168.157,NC
Kaitlyn,Cotterell,kcotterell2@tumblr.com,Female,34.153.54.182,FL
Ritchie,Meikle,rmeikle3@altervista.org,Non-binary,144.154.223.128,ND
Nannette,Roder,nroder4@huffingtonpost.com,Bigender,133.228.126.214,CT
Ilsa,,iblurton5@webmd.com,Male,,TX
Donnell,Ellit,dellit6@myspace.com,Female,155.47.230.37,TX
Dorree,Pracy,dpracy7@behance.net,Bigender,90.208.38.62,OH
Lee,Welburn,lwelburn8@si.edu,Genderqueer,168.188.239.103,UT
Haskel,Giacobelli,hgiacobelli9@mapy.cz,Agender,172.130.214.214,FL
Carson,Arnow,carnowa@bbc.co.uk,Bigender,70.64.80.2,LA
Bettye,Kingham,bkinghamb@smh.com.au,Bigender,76.74.99.52,PA
Bianka,Vittel,bvittelc@bluehost.com,Polygender,55.28.136.98,MO
Feliza,Nicholson,fnicholsond@salon.com,Genderfluid,135.5.238.248,AZ
Sal,McRavey,smcraveye@opensource.org,Agender,13.182.78.185,MI
Asa,More,amoref@dyndns.org,Agender,26.132.167.131,WA
Marge,Beet,mbeetg@google.ru,Female,40.189.11.71,TX
Julie,Biagioni,jbiagionih@ask.com,Genderfluid,74.141.137.115,CA
Winnie,Goalby,wgoalbyi@twitter.com,Non-binary,114.222.114.87,NV
Felicio,,fespinasj@hubpages.com,Agender,,NM
Jazmin,Lindgren,jlindgrenk@walmart.com,Genderqueer,213.175.78.100,WA
Lanny,Dever,ldeverl@hibu.com,Non-binary,247.169.126.102,OH
Pandora,Bolsteridge,pbolsteridgem@parallels.com,Female,1.55.242.94,VA
Estele,Skirlin,eskirlinn@jimdo.com,Bigender,54.168.98.93,IL
Gibbie,Rainy,grainyo@yahoo.co.jp,Female,8.245.112.123,MI
Nicoli,Brogi,nbrogip@wikimedia.org,Bigender,243.116.135.137,CA
Emmi,Dewberry,edewberryq@sourceforge.net,Bigender,165.188.0.133,CA
Cristobal,Jay,cjayr@bbb.org,Genderfluid,6.110.63.50,OH
Kellsie,Dike,kdikes@is.gd,Genderqueer,24.236.175.253,DC
Gianina,Kleinstern,gkleinsternt@delicious.com,Male,222.89.219.11,NY
Benton,Bonass,bbonassu@eepurl.com,Male,218.250.70.126,OK
Eldridge,MacLennan,emaclennanv@hatena.ne.jp,Female,70.85.150.202,NY
Colleen,Darleston,cdarlestonw@list-manage.com,Agender,78.124.210.81,CA
Letitia,Affron,laffronx@wsj.com,Female,204.138.155.96,CA
Trenton,Kilborn,tkilborny@google.cn,Polygender,55.33.31.214,PA
Trev,Lacheze,tlachezez@issuu.com,Non-binary,203.7.207.107,DC
Chrysa,Ennion,cennion10@umich.edu,Polygender,130.208.49.2,SD
Neale,Antrag,nantrag11@digg.com,Polygender,231.189.54.164,CA
,Innes,dinnes12@google.cn,Male,136.238.229.189,
Stormy,Da Costa,sdacosta13@umn.edu,Agender,214.205.111.47,DC
Dew,Heazel,dheazel14@telegraph.co.uk,Non-binary,173.194.217.85,VA
,Clunie,gclunie15@ehow.com,Agender,149.164.231.140,
Carleen,Welman,cwelman16@bloglines.com,Agender,31.23.36.204,AR
Melonie,Finnis,mfinnis17@tumblr.com,Agender,142.142.190.69,CT
Isabella,Spring,ispring18@google.com.br,Agender,129.183.226.113,NC
Sharai,Maplestone,smaplestone19@latimes.com,Polygender,119.62.68.203,TX
Gerhardine,McMeeking,gmcmeeking1a@i2i.jp,Polygender,195.171.57.129,DC
Ermentrude,Ballintime,eballintime1b@cocolog-nifty.com,Non-binary,146.123.250.228,FL
Codee,Glenister,cglenister1c@goo.ne.jp,Non-binary,27.250.71.76,NC
Merill,Osant,mosant1d@dagondesign.com,Non-binary,192.205.169.4,LA
Ware,Thoday,wthoday1e@xrea.com,Non-binary,1.195.24.211,CO
Kelley,Sawday,ksawday1f@adobe.com,Genderqueer,18.154.160.188,OK
Earlie,Giscken,egiscken1g@alexa.com,Polygender,19.245.47.31,IL
Genni,Lillecrap,glillecrap1h@eventbrite.com,Non-binary,175.253.173.45,TX
Lorianne,Cotman,lcotman1i@va.gov,Genderfluid,147.7.156.190,NJ
Cassondra,Seilmann,cseilmann1j@webeden.co.uk,Agender,14.243.199.53,CA
Taddeusz,Diggar,tdiggar1k@eventbrite.com,Bigender,49.151.245.24,IL
Leigh,Hendrik,lhendrik1l@4shared.com,Male,124.154.94.55,NC
Gianina,Stancliffe,gstancliffe1m@arizona.edu,Polygender,173.14.100.200,OR
Quinn,,qapplebee1n@wikimedia.org,Non-binary,,WI
Sasha,Snoden,ssnoden1o@hhs.gov,Genderfluid,165.162.255.202,OH
Rosa,Belone,rbelone1p@census.gov,Genderqueer,169.65.171.24,CA
Sylas,Schroeder,sschroeder1q@weather.com,Female,28.195.245.88,MN
Eilis,Piddock,epiddock1r@loc.gov,Female,96.26.86.27,OH
Mara,Shirer,mshirer1s@nsw.gov.au,Agender,233.215.215.122,FL
Barrie,Taggart,btaggart1t@ocn.ne.jp,Female,239.143.255.15,PA
Kelsi,Rate,krate1u@hp.com,Genderqueer,59.167.109.29,TX
Shirline,Cady,scady1v@dailymotion.com,Agender,101.66.202.214,VA
Ario,Gritsaev,agritsaev1w@fda.gov,Genderqueer,113.226.155.10,NV
,Sowthcote,csowthcote1x@pagesperso-orange.fr,Female,224.10.141.152,
Tabatha,Grazier,tgrazier1y@stumbleupon.com,Female,161.134.172.94,IN
Doroteya,Cuming,dcuming1z@engadget.com,Bigender,188.33.90.210,IL
Marcellus,Scopham,mscopham20@unblog.fr,Genderfluid,84.54.10.13,SC
Petra,Marklin,pmarklin21@aol.com,Male,152.79.107.61,HI
Elsinore,Simoes,esimoes22@aboutads.info,Agender,62.181.244.200,PA
Kenneth,Ruspine,kruspine23@fastcompany.com,Polygender,250.132.123.4,MA
,Hubbis,chubbis24@hatena.ne.jp,Male,237.164.203.234,
Oneida,Mougel,omougel25@eepurl.com,Genderfluid,29.143.194.174,IN
Brynn,Oleszcuk,boleszcuk26@paypal.com,Genderqueer,210.140.26.133,MN
,Heliet,gheliet27@elegantthemes.com,Agender,70.40.101.94,
Natty,Vanner,nvanner28@clickbank.net,Male,185.64.101.144,CA
Kelley,Kirsz,kkirsz29@google.com.br,Polygender,32.185.112.115,DC
Bernardo,Bennit,bbennit2a@istockphoto.com,Non-binary,72.30.104.134,AL
Gregoire,Helleckas,ghelleckas2b@shinystat.com,Male,164.51.219.153,MO
,Lightning,hlightning2c@wiley.com,Female,170.65.29.36,
Carlynn,Strathe,cstrathe2d@webeden.co.uk,Polygender,171.7.19.134,TN
,Aughtie,jaughtie2e@dot.gov,Female,212.117.160.206,
Antons,Vivians,avivians2f@abc.net.au,Male,12.226.225.199,TX
Geri,Sharper,gsharper2g@seesaa.net,Male,22.16.115.111,NY
Sheffie,Derye-Barrett,sderyebarrett2h@weebly.com,Agender,61.32.186.111,CA
Rudolfo,Ganford,rganford2i@github.io,Agender,122.40.68.62,TN
Iolande,Harpham,iharpham2j@princeton.edu,Genderqueer,215.229.252.80,NJ
Gianina,Shephard,gshephard2k@admin.ch,Bigender,40.24.244.34,AZ
Juliann,Needs,jneeds2l@walmart.com,Non-binary,25.189.45.157,NC
Erich,Wenman,ewenman2m@shutterfly.com,Polygender,127.202.47.14,CA
Pattie,Greenroyd,pgreenroyd2n@dion.ne.jp,Non-binary,240.199.146.192,IN
Ted,,tmaffione2o@google.com.au,Genderfluid,,OR
Dorthy,Fetherston,dfetherston2p@epa.gov,Polygender,36.15.121.155,NY
Chrystel,Mieville,cmieville2q@ucoz.ru,Genderqueer,61.21.50.181,VA
Scott,Ellerey,sellerey2r@twitpic.com,Polygender,25.171.31.139,ID
Phoebe,Kingsbury,pkingsbury2s@psu.edu,Polygender,237.200.58.175,MS
Jim,Bogue,jbogue2t@furl.net,Female,132.90.219.128,HI
Matthieu,Hampstead,mhampstead2u@blogger.com,Bigender,85.99.238.114,FL
Aldis,,atoal2v@java.com,Bigender,,MI
Jacquenetta,Tourry,jtourry2w@ed.gov,Female,77.51.253.47,NE
Nickola,Lorinez,nlorinez2x@wordpress.com,Agender,1.202.20.60,CA
Pat,Irvin,pirvin2y@netscape.com,Agender,126.195.10.46,TX
Lotty,Coey,lcoey2z@ebay.com,Genderqueer,236.187.113.207,AZ
Erma,,ecorkan30@constantcontact.com,Bigender,,NY
Jen,,jfilyakov31@opera.com,Genderfluid,,AZ
Berte,Josefsohn,bjosefsohn32@cbsnews.com,Genderfluid,242.92.124.149,OH
Paolo,de Wilde,pdewilde33@reuters.com,Non-binary,99.91.101.17,VA
Rik,Germain,rgermain34@ustream.tv,Male,100.147.60.207,PA
Willi,Reimer,wreimer35@sbwire.com,Polygender,250.129.98.13,VA
Carling,Greatbach,cgreatbach36@unblog.fr,Genderfluid,121.215.217.120,NJ
Inigo,Sully,isully37@nyu.edu,Bigender,80.22.79.31,CA
Matthaeus,Cowterd,mcowterd38@youtube.com,Male,12.164.12.52,TX
Dyanne,Evenden,devenden39@harvard.edu,Female,196.217.132.118,AZ
Danit,Kopelman,dkopelman3a@accuweather.com,Agender,228.220.130.142,NY
Lanny,Hemphill,lhemphill3b@youku.com,Genderqueer,103.211.79.51,FL
Ozzy,Sacaze,osacaze3c@aboutads.info,Bigender,12.36.228.226,DC
Alika,MacKnockiter,amacknockiter3d@trellian.com,Genderfluid,211.228.200.147,PA
Filmore,Bennion,fbennion3e@psu.edu,Genderqueer,150.162.90.231,IN
Kalvin,Winear,kwinear3f@google.de,Agender,153.154.5.165,TX
Gracia,Kuscha,gkuscha3g@geocities.com,Male,77.67.225.128,GA
Shurwood,Moat,smoat3h@hc360.com,Non-binary,253.79.140.168,FL
Candie,Arsey,carsey3i@hexun.com,Genderfluid,192.141.179.222,CA
Bartholomew,Dowley,bdowley3j@spiegel.de,Genderqueer,95.19.223.71,TN
,Gerant,tgerant3k@alexa.com,Genderqueer,243.85.177.113,
Fedora,Cawkill,fcawkill3l@ustream.tv,Female,210.201.86.125,OH
Alys,Ebbin,aebbin3m@pinterest.com,Genderqueer,30.55.240.219,NY
Roze,Hagley,rhagley3n@oracle.com,Male,171.188.59.120,OR
Lorant,Popping,lpopping3o@sina.com.cn,Polygender,242.200.81.183,DC
Karmen,Lambricht,klambricht3p@msu.edu,Male,146.70.89.117,CA
Sander,Jovanovic,sjovanovic3q@quantcast.com,Genderqueer,144.142.119.153,MI
Hatti,McVitie,hmcvitie3r@tuttocitta.it,Genderqueer,135.192.86.254,PA
Shaw,Marsham,smarsham3s@merriam-webster.com,Agender,69.126.41.53,MN
Rosette,Brain,rbrain3t@washington.edu,Genderqueer,60.116.64.126,AL
Baird,Ateridge,bateridge3u@mediafire.com,Non-binary,203.207.247.154,CA
Phebe,Bus,pbus3v@gnu.org,Male,92.43.180.58,NY
Sheridan,Stevani,sstevani3w@dropbox.com,Female,252.34.126.240,MO
Emile,Bridewell,ebridewell3x@networkadvertising.org,Genderqueer,34.240.248.77,NY
Marney,Gudgen,mgudgen3y@twitter.com,Male,209.234.89.184,MT
Mateo,Gaspar,mgaspar3z@yolasite.com,Bigender,21.251.73.234,CA
Averyl,Manuel,amanuel40@ucsd.edu,Non-binary,79.85.23.202,AZ
Maritsa,Piesing,mpiesing41@etsy.com,Genderqueer,33.61.155.130,TX
Waneta,Askam,waskam42@pcworld.com,Non-binary,10.94.80.169,TX
,D'eath,gdeath43@un.org,Female,138.114.28.218,
Libbey,Lammerding,llammerding44@imageshack.us,Female,185.183.239.49,FL
Kym,Rossi,krossi45@mail.ru,Genderfluid,82.83.107.166,CA
Vickie,Gummie,vgummie46@netscape.com,Polygender,122.123.116.75,CA
Giff,Soloway,gsoloway47@delicious.com,Non-binary,152.125.209.141,CA
Almeta,Cliff,acliff48@aboutads.info,Male,217.246.173.113,IN
Vladimir,Kenion,vkenion49@dedecms.com,Polygender,210.73.37.222,WA
Gavrielle,Featherstonhaugh,gfeatherstonhaugh4a@purevolume.com,Agender,38.198.10.247,FL
Carla,Montrose,cmontrose4b@walmart.com,Polygender,71.53.208.56,CA
Eugenio,Switsur,eswitsur4c@symantec.com,Genderqueer,243.132.147.154,KY
Jyoti,Josham,jjosham4d@oaic.gov.au,Non-binary,42.114.75.157,KS
Rebecca,Dunstall,rdunstall4e@shareasale.com,Genderqueer,224.48.153.201,NJ
Shanda,Furbank,sfurbank4f@photobucket.com,Bigender,118.31.191.157,FL
Ruperto,,rshewon4g@oakley.com,Non-binary,,WA
Norean,Killimister,nkillimister4h@woothemes.com,Agender,156.36.99.63,FL
Jeri,Udie,judie4i@redcross.org,Agender,200.88.235.192,GA
Fredra,Bischoff,fbischoff4j@discuz.net,Bigender,254.166.157.74,CA
Isidore,Bale,ibale4k@hostgator.com,Female,246.77.247.18,WI
Frankie,Loody,floody4l@google.co.uk,Non-binary,155.2.247.227,CA
Claudetta,Cottrill,ccottrill4m@trellian.com,Genderqueer,49.128.68.220,VA
Theo,,tdedomenicis4n@washingtonpost.com,Bigender,,FL
Lucas,Gotcher,lgotcher4o@prnewswire.com,Genderqueer,94.90.184.7,IA
Alexandre,Bassingham,abassingham4p@wp.com,Genderqueer,245.151.208.173,TX
Con,Toffalo,ctoffalo4q@apache.org,Genderqueer,205.168.147.151,KS
Arabella,Justice,ajustice4r@geocities.com,Male,91.243.107.52,LA
Gran,Oventon,goventon4s@elegantthemes.com,Male,83.113.92.83,OH
Rowe,Cantera,rcantera4t@istockphoto.com,Agender,190.216.193.89,TX
Junie,Lofty,jlofty4u@webs.com,Genderfluid,191.251.3.221,WA
Arliene,,ahawyes4v@quantcast.com,Agender,,KY
Betti,Dautry,bdautry4w@yahoo.com,Polygender,67.137.169.144,MD
Alma,Novotna,anovotna4x@bandcamp.com,Non-binary,187.230.140.100,WA
Cecilla,Methven,cmethven4y@google.it,Agender,104.218.92.145,NY
Raffaello,,rpleager4z@yale.edu,Agender,,MI
Robinette,Polamontayne,rpolamontayne50@aboutads.info,Male,53.170.237.104,KS
Jillayne,Baber,jbaber51@skyrock.com,Male,48.212.198.10,OH
Ado,Renac,arenac52@about.me,Male,199.105.184.239,TX
Hagan,Jimson,hjimson53@sohu.com,Bigender,63.141.143.236,TX
Sabina,Hafner,shafner54@clickbank.net,Polygender,154.169.33.31,LA
Consolata,Bigg,cbigg55@imageshack.us,Genderfluid,112.161.94.165,OK
Nickola,Caccavari,ncaccavari56@yale.edu,Genderqueer,25.137.42.201,DC
Garrott,Grzelczyk,ggrzelczyk57@photobucket.com,Genderqueer,198.121.113.249,IL
Guthrie,Imesson,gimesson58@answers.com,Polygender,80.131.226.144,UT
Juline,Groveham,jgroveham59@auda.org.au,Genderfluid,42.241.182.70,DC
,Rizzo,drizzo5a@devhub.com,Non-binary,168.125.242.2,
Bernelle,Sarll,bsarll5b@list-manage.com,Bigender,74.153.56.214,NY
Sissie,Livesay,slivesay5c@nbcnews.com,Polygender,187.63.107.153,AL
Codie,Scapens,cscapens5d@google.co.uk,Polygender,187.46.30.141,IN
Teddie,Crilly,tcrilly5e@netlog.com,Male,171.206.135.189,TX
Nicola,Shemmans,nshemmans5f@meetup.com,Genderfluid,154.218.50.40,FL
Damiano,Bevir,dbevir5g@marketwatch.com,Male,52.212.35.106,FL
Melody,Korneluk,mkorneluk5h@nydailynews.com,Bigender,253.208.227.83,LA
Jakob,Moggach,jmoggach5i@geocities.jp,Non-binary,146.208.32.185,MO
Allister,Tams,atams5j@elpais.com,Polygender,184.16.248.102,MI
Charlena,McGown,cmcgown5k@ucsd.edu,Female,82.26.65.83,NC
Dolli,Mellor,dmellor5l@shop-pro.jp,Genderqueer,69.237.119.242,NE
Glory,Armsby,garmsby5m@stumbleupon.com,Agender,136.208.132.37,AL
Rois,Dearden,rdearden5n@google.com.au,Agender,110.181.44.54,PA
Orv,Keymar,okeymar5o@cam.ac.uk,Bigender,208.207.106.66,PA
Drusy,Pillifant,dpillifant5p@zimbio.com,Polygender,110.130.49.143,CA
Glori,Artingstall,gartingstall5q@ucla.edu,Female,78.50.53.112,NY
Gisela,Cranson,gcranson5r@google.it,Bigender,159.235.129.81,CA
Osgood,McIlwreath,omcilwreath5s@instagram.com,Agender,127.134.26.255,LA
Sarajane,Smittoune,ssmittoune5t@hubpages.com,Genderqueer,86.146.163.19,FL
Pepillo,Waddicor,pwaddicor5u@privacy.gov.au,Genderfluid,114.122.111.42,DC
Jobye,Guinane,jguinane5v@cyberchimps.com,Agender,17.54.188.158,KS
Cherie,Styles,cstyles5w@homestead.com,Non-binary,0.129.68.100,NY
Dani,Goodbourn,dgoodbourn5x@geocities.jp,Non-binary,29.170.160.130,PA
Nonah,Colwill,ncolwill5y@yellowbook.com,Polygender,73.214.166.153,AR
Lyndel,Shemmin,lshemmin5z@google.nl,Genderqueer,160.134.96.117,FL
Neile,Stear,nstear60@altervista.org,Non-binary,95.167.118.226,AR
Andie,Renihan,arenihan61@bbc.co.uk,Female,128.55.254.209,SC
Sharla,,ssebert62@liveinternet.ru,Agender,,TX
Anne,Etoile,aetoile63@google.com,Genderfluid,124.38.221.194,DC
Danyette,Winterborne,dwinterborne64@php.net,Genderfluid,248.90.181.21,FL
Lilas,Cundey,lcundey65@bing.com,Agender,118.135.51.58,NY
,Haresign,tharesign66@google.co.jp,Male,250.229.171.112,
Belinda,Heasley,bheasley67@nih.gov,Polygender,56.252.238.33,TX
Dulsea,Kneal,dkneal68@oracle.com,Male,235.28.132.174,IA
Rae,Bonfield,rbonfield69@wordpress.com,Bigender,148.107.220.251,CA
Willette,Kernes,wkernes6a@webs.com,Bigender,206.193.166.179,TX
Ethelda,Tschursch,etschursch6b@opera.com,Agender,201.210.148.155,NM
Kinna,Peasgood,kpeasgood6c@com.com,Polygender,54.18.233.210,DC
Fanni,Caslane,fcaslane6d@unblog.fr,Bigender,242.96.205.224,MO
Caritta,Ayris,cayris6e@house.gov,Genderfluid,207.74.28.215,PA
Valry,Pren,vpren6f@intel.com,Male,95.183.218.118,WY
Orbadiah,Taborre,otaborre6g@mayoclinic.com,Genderfluid,152.19.220.174,WA
Vyky,Habberjam,vhabberjam6h@who.int,Genderfluid,139.143.10.7,TX
Marcos,Leighton,mleighton6i@histats.com,Polygender,195.129.10.204,GA
Geri,Foucar,gfoucar6j@gmpg.org,Agender,66.62.250.231,AZ
Malachi,Povlsen,mpovlsen6k@cocolog-nifty.com,Genderfluid,131.90.148.103,CT
Paxon,Harmston,pharmston6l@cnet.com,Bigender,101.4.33.165,OH
Scott,Flint,sflint6m@hud.gov,Polygender,212.81.41.179,VA
,McQuillen,tmcquillen6n@wiley.com,Polygender,212.121.124.199,
Mylo,Arlott,marlott6o@aboutads.info,Polygender,73.60.231.22,GA
Ezequiel,Langan,elangan6p@goo.ne.jp,Agender,65.75.187.212,SC
Yule,Genty,ygenty6q@mozilla.com,Agender,56.98.68.23,FL
Imojean,Bernardt,ibernardt6r@xinhuanet.com,Genderqueer,119.7.19.138,VA
Sarita,Sporner,ssporner6s@boston.com,Bigender,248.106.200.171,CA
Cleopatra,Skillington,cskillington6t@amazon.com,Genderfluid,109.128.242.35,PA
Rickey,Burrows,rburrows6u@so-net.ne.jp,Male,158.7.153.125,WA
Franklyn,Vaadeland,fvaadeland6v@webnode.com,Bigender,13.201.211.170,OH
Torrie,Hudghton,thudghton6w@bigcartel.com,Genderfluid,62.156.125.152,NC
John,Le Strange,jlestrange6x@fema.gov,Agender,12.159.144.32,NY
Royal,Chillcot,rchillcot6y@ca.gov,Non-binary,192.111.74.121,AL
Florenza,Colenutt,fcolenutt6z@clickbank.net,Female,225.116.45.159,FL
Lynnea,Hogbourne,lhogbourne70@eepurl.com,Female,233.91.132.29,VA
Fredi,Kemsley,fkemsley71@google.es,Bigender,31.209.193.56,TX
Jeana,Kilgour,jkilgour72@moonfruit.com,Agender,1.85.137.123,FL
Jewelle,Anstead,janstead73@hud.gov,Male,201.28.26.74,MO
,Chambers,cchambers74@ow.ly,Polygender,155.51.114.124,
Bryana,Vollam,bvollam75@nydailynews.com,Agender,162.70.58.252,MD
Noelyn,Trimnell,ntrimnell76@networkadvertising.org,Bigender,5.168.68.42,OH
Isaak,Dunstone,idunstone77@nymag.com,Polygender,189.188.169.156,OH
Ardenia,Dallison,adallison78@discovery.com,Genderqueer,39.225.238.10,MN
Nadeen,Caselli,ncaselli79@chicagotribune.com,Genderfluid,238.171.46.172,NY
,Mensler,kmensler7a@flickr.com,Genderqueer,249.104.168.133,
Christiana,Rodge,crodge7b@constantcontact.com,Female,102.167.88.106,MN
Bess,Radband,bradband7c@istockphoto.com,Bigender,136.70.79.200,MN
Emlyn,Beazleigh,ebeazleigh7d@example.com,Genderqueer,122.7.58.243,PA
Marybelle,Davydychev,mdavydychev7e@wordpress.com,Non-binary,30.74.67.93,OH
Tanya,Dubois,tdubois7f@apple.com,Bigender,230.42.164.65,NY
Berta,Vasyushkhin,bvasyushkhin7g@digg.com,Genderfluid,89.210.184.107,CA
Joan,Sieghard,jsieghard7h@nymag.com,Genderqueer,134.186.104.51,TX
Glynis,Blakebrough,gblakebrough7i@skyrock.com,Agender,235.116.255.78,MD
Sammy,Housecraft,shousecraft7j@reverbnation.com,Bigender,188.212.217.143,CA
Nixie,Arrol,narrol7k@state.gov,Bigender,241.86.252.251,CA
Norbie,Dizlie,ndizlie7l@tumblr.com,Male,254.219.228.136,TX
Chariot,Herety,cherety7m@cyberchimps.com,Female,165.114.66.86,VA
Sherman,Garner,sgarner7n@rakuten.co.jp,Genderfluid,96.105.99.30,FL
Krista,Kittless,kkittless7o@hp.com,Agender,23.87.56.158,WA
Sean,Schellig,sschellig7p@psu.edu,Bigender,201.209.101.131,TX
Paula,Benit,pbenit7q@hugedomains.com,Agender,233.173.82.68,WI
Juan,,jschutte7r@freewebs.com,Female,,OR
Tess,De Dantesie,tdedantesie7s@soup.io,Female,238.154.223.50,LA
Kyle,Torel,ktorel7t@apple.com,Female,85.178.151.29,KS
Natalina,Klimt,nklimt7u@i2i.jp,Polygender,12.157.96.161,TX
Amery,Templman,atemplman7v@google.com.au,Non-binary,136.73.114.8,CA
,Housecroft,fhousecroft7w@comcast.net,Agender,122.62.71.1,
Candis,Rivel,crivel7x@goodreads.com,Genderqueer,168.193.107.176,NC
Erin,Mingardo,emingardo7y@forbes.com,Polygender,185.199.165.231,VA
Georg,,gcary7z@ucsd.edu,Male,,NE
,Cotty,pcotty80@wix.com,Genderqueer,215.151.70.77,
,Winwood,mwinwood81@liveinternet.ru,Bigender,95.27.211.57,
Franciskus,Callingham,fcallingham82@bloglines.com,Genderfluid,149.78.17.36,MO
Darya,Norree,dnorree83@cornell.edu,Male,243.63.122.76,TX
Raff,Phonix,rphonix84@studiopress.com,Male,225.244.192.240,KS
Mose,MacRinn,mmacrinn85@feedburner.com,Agender,237.162.84.192,NY
Gerty,Spaice,gspaice86@jugem.jp,Genderfluid,230.229.150.51,TX
Melissa,Medcalf,mmedcalf87@miitbeian.gov.cn,Polygender,3.58.26.243,CA
Debera,Kerford,dkerford88@dell.com,Genderfluid,37.248.48.196,GA
Jody,Hinder,jhinder89@constantcontact.com,Agender,1.39.225.131,NY
Kristos,Kinsman,kkinsman8a@nba.com,Genderfluid,149.9.155.211,CA
Gladi,Stonestreet,gstonestreet8b@samsung.com,Male,127.180.248.207,WA
Nicko,Ballsdon,nballsdon8c@hatena.ne.jp,Bigender,80.212.111.237,OK
Trey,St Quenin,tstquenin8d@goo.gl,Bigender,12.35.188.19,TN
Brigit,Buckthorp,bbuckthorp8e@wsj.com,Genderqueer,206.74.223.97,NY
Zulema,Klassman,zklassman8f@craigslist.org,Bigender,155.19.198.135,OR
Angelle,O'Deoran,aodeoran8g@miibeian.gov.cn,Male,152.200.147.144,MA
Grange,,gemer8h@imdb.com,Non-binary,,CA
Tallia,Cleveley,tcleveley8i@bizjournals.com,Polygender,145.219.183.143,SC
Aldrich,Grebbin,agrebbin8j@gizmodo.com,Non-binary,203.233.220.65,CA
Tatiania,Paffley,tpaffley8k@ibm.com,Female,254.213.72.211,ME
Lindsay,L' Anglois,llanglois8l@java.com,Male,231.68.73.6,FL
,Bridgen,lbridgen8m@illinois.edu,Male,84.27.72.156,
Esra,Mussalli,emussalli8n@epa.gov,Bigender,3.35.118.158,IL
Genevra,Ciobutaro,gciobutaro8o@soup.io,Male,210.122.197.204,MD
,Cambell,acambell8p@alibaba.com,Polygender,107.23.132.32,
Cecilla,Hadleigh,chadleigh8q@va.gov,Male,120.31.126.143,AL
Twyla,Iron,tiron8r@woothemes.com,Male,186.142.150.154,CT
Rozina,Kewish,rkewish8s@ocn.ne.jp,Non-binary,54.1.209.115,VA
Vinny,Fishbourne,vfishbourne8t@live.com,Non-binary,202.191.194.8,NC
Ulrick,Garthland,ugarthland8u@diigo.com,Female,98.129.152.63,MO
Welbie,Raynor,wraynor8v@wired.com,Genderfluid,15.191.168.38,TX
Muriel,Kimbell,mkimbell8w@blog.com,Genderfluid,146.253.55.1,TX
Sharleen,Ramshaw,sramshaw8x@creativecommons.org,Bigender,182.89.252.13,MI
Man,Scothern,mscothern8y@nymag.com,Polygender,55.42.111.18,OH
Worden,Worthing,wworthing8z@dailymotion.com,Genderfluid,101.144.232.171,OH
Lars,Garnsworthy,lgarnsworthy90@nps.gov,Genderqueer,53.243.46.97,SC
Holden,Langham,hlangham91@marriott.com,Genderqueer,209.196.211.209,UT
Erasmus,Munt,emunt92@xing.com,Genderqueer,108.126.227.58,DC
Mariquilla,Gannaway,mgannaway93@uol.com.br,Non-binary,220.141.51.200,TX
Jodi,Bryenton,jbryenton94@privacy.gov.au,Polygender,86.92.234.205,TX
Caroline,Pygott,cpygott95@bloglines.com,Non-binary,175.74.105.31,KS
Fons,Gullifant,fgullifant96@harvard.edu,Female,121.167.248.56,TX
Garnette,Ploughwright,gploughwright97@epa.gov,Bigender,209.231.167.90,AK
Adelice,Samweyes,asamweyes98@prlog.org,Non-binary,235.232.211.191,NC
Meredith,Sapauton,msapauton99@imgur.com,Genderqueer,158.91.53.50,DC
,Bangham,hbangham9a@cdbaby.com,Male,32.109.205.71,
Ella,,ecuddihy9b@wordpress.com,Female,,TX
Betteann,Daniele,bdaniele9c@ted.com,Genderfluid,188.72.38.137,DC
Hewett,Bladder,hbladder9d@ebay.com,Polygender,120.189.177.213,ME
Felic,Fairlamb,ffairlamb9e@time.com,Genderfluid,8.104.86.1,IL
Jocelyne,Bouzan,jbouzan9f@printfriendly.com,Agender,244.156.4.67,WA
Sallyann,Towe,stowe9g@phoca.cz,Genderfluid,39.81.107.194,TX
Reube,Leabeater,rleabeater9h@hc360.com,Genderfluid,177.209.70.64,GA
Jo-ann,Swainsbury,jswainsbury9i@earthlink.net,Polygender,34.28.32.158,NE
Erich,Murrow,emurrow9j@issuu.com,Genderfluid,115.156.83.205,DC
Dollie,Anwell,danwell9k@google.com.au,Female,66.229.172.86,CA
Elaina,Furmenger,efurmenger9l@hubpages.com,Non-binary,25.237.49.85,CA
Sal,,smilsap9m@sun.com,Genderqueer,,PA
Tallie,Tchaikovsky,ttchaikovsky9n@github.io,Agender,174.232.183.44,FL
Karim,Try,ktry9o@hhs.gov,Bigender,62.133.220.46,PA
Margalo,Capner,mcapner9p@ft.com,Agender,94.4.72.203,MA
Burtie,,bboucher9q@gmpg.org,Bigender,,CT
Ephrem,Alexandersen,ealexandersen9r@patch.com,Genderqueer,89.34.135.116,FL
Leupold,Cleynaert,lcleynaert9s@infoseek.co.jp,Genderqueer,101.159.77.142,CT
Clayborne,Bertomieu,cbertomieu9t@tinyurl.com,Polygender,252.142.160.166,AL
Kellsie,Foux,kfoux9u@wufoo.com,Genderqueer,31.206.146.142,NY
Artair,Dockrey,adockrey9v@youtube.com,Female,211.53.85.210,FL
Lamond,Kowalik,lkowalik9w@edublogs.org,Male,193.96.181.114,FL
Ransom,Storrie,rstorrie9x@icio.us,Non-binary,148.10.234.134,DC
,Beeson,kbeeson9y@flavors.me,Agender,176.68.117.24,
Corbin,Vignal,cvignal9z@ucsd.edu,Genderqueer,33.157.218.1,NY
Baudoin,,bbryera0@nytimes.com,Female,,TX
Harald,Reddyhoff,hreddyhoffa1@opera.com,Agender,7.250.55.174,CA
Robbie,Dumphry,rdumphrya2@quantcast.com,Polygender,209.75.46.69,UT
Conant,MacAndreis,cmacandreisa3@businessinsider.com,Non-binary,172.28.60.97,AZ
,Shillabeare,oshillabearea4@foxnews.com,Genderfluid,189.85.130.119,
Mitzi,Winterflood,mwinterflooda5@clickbank.net,Genderfluid,225.226.199.63,CA
Darcie,Dumpleton,ddumpletona6@pinterest.com,Female,194.9.159.112,NJ
Gray,,gsellwooda7@cisco.com,Genderfluid,,AL
Filmore,Boothby,fboothbya8@ftc.gov,Agender,137.204.253.95,TX
Silvan,Maxwell,smaxwella9@histats.com,Agender,108.229.205.181,PA
Scot,Cassell,scassellaa@mac.com,Polygender,230.217.22.82,TX
Sylvia,McPartlin,smcpartlinab@t.co,Bigender,200.29.233.146,VA
Kalli,,kthayac@home.pl,Polygender,,NC
,Favelle,hfavellead@dagondesign.com,Agender,13.94.165.13,
Krystal,Haylett,khaylettae@yolasite.com,Bigender,18.4.212.247,PA
,Reisenberg,creisenbergaf@sitemeter.com,Agender,226.162.13.120,
Jerad,Ellington,jellingtonag@seattletimes.com,Genderfluid,134.15.33.71,TX
,O'Duilleain,toduilleainah@bbb.org,Polygender,122.187.40.253,
Merrick,McVeigh,mmcveighai@multiply.com,Genderqueer,152.25.164.110,NY
Riane,,rcatonnetaj@flavors.me,Bigender,,NY
Cassie,,cfarthinak@wordpress.com,Genderqueer,,FL
Othella,McCaghan,omccaghanal@51.la,Agender,25.224.133.111,AZ
Penn,Whitear,pwhitearam@reverbnation.com,Bigender,235.255.67.102,NE
Gladys,Hanburry,ghanburryan@cam.ac.uk,Genderqueer,150.112.29.212,FL
Carolus,Flanner,cflannerao@taobao.com,Bigender,158.125.92.73,FL
Derrek,Aleksandrov,daleksandrovap@noaa.gov,Polygender,43.21.183.123,CA
Belvia,Fury,bfuryaq@naver.com,Female,173.231.142.4,PA
Shaun,Garton,sgartonar@statcounter.com,Male,194.164.198.150,NM
Elberta,Burnsall,eburnsallas@nifty.com,Non-binary,180.17.71.116,AK
Mathias,Waterman,mwatermanat@craigslist.org,Bigender,82.98.239.251,CO
Thacher,Zielinski,tzielinskiau@google.com.br,Male,89.134.209.155,GA
Rickard,Haggish,rhaggishav@examiner.com,Bigender,20.177.108.239,VA
Jacques,Lindenman,jlindenmanaw@time.com,Bigender,11.153.210.192,DC
Tye,Reany,treanyax@php.net,Polygender,6.50.226.194,IL
Lemar,Claworth,lclaworthay@facebook.com,Female,9.217.216.233,IA
Barton,D'eye,bdeyeaz@hp.com,Genderqueer,9.119.7.42,FL
Vasili,De Hooch,vdehoochb0@ed.gov,Bigender,231.125.165.220,OH
Sibyl,Nother,snotherb1@geocities.com,Male,126.67.127.241,AZ
Darya,Belmont,dbelmontb2@nih.gov,Bigender,226.9.39.175,TX
Stevana,Dewen,sdewenb3@apache.org,Female,90.148.232.92,OR
Floria,Clitherow,fclitherowb4@nbcnews.com,Polygender,31.106.200.137,DC
Matty,Colthard,mcolthardb5@netvibes.com,Male,206.216.179.229,NY
Courtnay,Schutte,cschutteb6@mozilla.org,Bigender,254.21.127.98,NY
Dwayne,Borrow,dborrowb7@lulu.com,Polygender,169.188.157.110,VA
Teena,Vail,tvailb8@netvibes.com,Male,178.161.118.134,UT
Devon,Porkiss,dporkissb9@toplist.cz,Male,76.115.26.164,WV
Yolanda,Rogerson,yrogersonba@jimdo.com,Genderqueer,215.78.53.86,PA
Michaela,Dougal,mdougalbb@devhub.com,Bigender,156.207.125.101,AZ
Haroun,Skacel,hskacelbc@google.ca,Genderfluid,33.104.3.102,MO
Kipper,Wilber,kwilberbd@timesonline.co.uk,Genderqueer,118.167.19.157,TX
Waly,Snalham,wsnalhambe@printfriendly.com,Female,118.9.249.47,CA
Stanford,Yewen,syewenbf@networksolutions.com,Bigender,69.136.84.185,IN
,Dewdney,ddewdneybg@abc.net.au,Female,225.71.34.42,
Hashim,Oertzen,hoertzenbh@angelfire.com,Genderqueer,89.124.16.135,TN
Judas,Oubridge,joubridgebi@mapy.cz,Genderqueer,219.110.167.174,MT
Aurea,Dunbobin,adunbobinbj@harvard.edu,Male,23.114.232.224,VA
Clarette,Haggar,chaggarbk@jimdo.com,Bigender,237.28.54.105,OH
Kippie,Keveren,kkeverenbl@prweb.com,Polygender,83.35.72.15,AZ
,Dudmesh,kdudmeshbm@umich.edu,Genderqueer,146.4.3.8,
Gerrard,Scolts,gscoltsbn@vimeo.com,Bigender,24.220.113.111,HI
Cullin,Airs,cairsbo@tiny.cc,Genderfluid,172.241.84.213,FL
Addia,Leehane,aleehanebp@yellowbook.com,Genderfluid,135.148.254.219,CA
Belva,Quincey,bquinceybq@de.vu,Non-binary,75.162.78.146,DC
Raphaela,Grahlman,rgrahlmanbr@bloglovin.com,Male,166.134.248.239,NC
Matthiew,Madeley,mmadeleybs@sakura.ne.jp,Agender,190.163.95.1,NY
Urson,Maun,umaunbt@dropbox.com,Bigender,56.1.231.112,FL
Sande,Cotman,scotmanbu@wired.com,Bigender,77.249.31.163,TX
Pail,Worman,pwormanbv@posterous.com,Agender,87.57.199.207,CA
Easter,Harry,eharrybw@cocolog-nifty.com,Bigender,233.248.240.221,IN
Fidelity,Last,flastbx@ed.gov,Non-binary,75.132.46.8,FL
Zachary,Kitto,zkittoby@people.com.cn,Male,3.55.62.69,OH
Easter,Balham,ebalhambz@digg.com,Polygender,144.244.175.26,TX
Tami,Melbert,tmelbertc0@gravatar.com,Agender,213.111.213.85,LA
Kassia,Schimann,kschimannc1@networksolutions.com,Non-binary,121.24.76.54,NC
Gillan,Serle,gserlec2@google.com.hk,Male,158.50.88.90,LA
,Beedle,wbeedlec3@webs.com,Non-binary,43.167.145.41,
Juliana,Aldersea,jalderseac4@spotify.com,Male,50.243.10.52,PA
Barbey,Aseef,baseefc5@wikimedia.org,Genderfluid,118.170.252.213,MI
Mike,Bartoleyn,mbartoleync6@bravesites.com,Bigender,36.186.226.105,NY
Jereme,Pontefract,jpontefractc7@pen.io,Polygender,25.178.84.121,FL
Beltran,Cardinal,bcardinalc8@china.com.cn,Male,57.126.239.171,VA
Coleen,Cinavas,ccinavasc9@xinhuanet.com,Non-binary,27.252.157.61,TX
Kelsi,Orcas,korcasca@icio.us,Female,122.63.157.164,PA
Aylmer,Harewood,aharewoodcb@cloudflare.com,Genderqueer,0.221.77.228,OH
Brittne,De Hoogh,bdehooghcc@surveymonkey.com,Polygender,85.240.207.202,IL
Dayna,Simonato,dsimonatocd@stanford.edu,Female,40.204.85.246,CO
Karee,Andreou,kandreouce@sciencedirect.com,Male,221.233.30.222,OK
Wilone,Romanski,wromanskicf@flavors.me,Male,227.151.59.244,CT
Francklyn,Jakab,fjakabcg@phoca.cz,Polygender,142.3.209.132,NC
Benson,O'Doran,bodoranch@instagram.com,Male,98.234.10.163,AL
Ulrika,Brashaw,ubrashawci@geocities.jp,Female,142.100.153.196,KY
Glynda,Ickovic,gickoviccj@opensource.org,Polygender,38.146.163.188,DC
Franciskus,Hatchette,fhatchetteck@smugmug.com,Polygender,228.105.74.154,MO
Elwira,Torr,etorrcl@cam.ac.uk,Female,184.112.228.23,HI
Teddie,Lantuff,tlantuffcm@princeton.edu,Non-binary,91.46.117.245,MN
Alvan,Withey,awitheycn@exblog.jp,Bigender,153.40.55.133,LA
Boigie,Meritt,bmerittco@nature.com,Bigender,249.46.181.48,TX
Morna,Gillease,mgilleasecp@google.es,Female,131.130.140.1,CA
Ozzy,Lintin,olintincq@behance.net,Bigender,233.210.252.52,TX
Frasquito,Kauschke,fkauschkecr@gnu.org,Non-binary,210.156.53.31,FL
Morgen,Master,mmastercs@google.ca,Non-binary,128.39.30.102,UT
Barnabas,Bolitho,bbolithoct@boston.com,Female,99.108.81.217,CO
Barbara-anne,,bcurrcu@ameblo.jp,Agender,,PA
Karen,Benoist,kbenoistcv@quantcast.com,Bigender,63.1.170.164,MO
Carlynne,Smaile,csmailecw@ycombinator.com,Female,235.204.175.120,SD
Marcello,Berns,mbernscx@arstechnica.com,Genderqueer,12.48.8.157,OR
Corty,Gotfrey,cgotfreycy@bigcartel.com,Non-binary,190.168.26.182,FL
Bernice,Harmond,bharmondcz@paginegialle.it,Bigender,143.7.19.81,TX
Lorrie,Salzburg,lsalzburgd0@ovh.net,Genderfluid,81.15.216.185,CA
Arlana,Files,afilesd1@ucsd.edu,Genderfluid,85.110.26.99,OK
Gipsy,Frunks,gfrunksd2@weebly.com,Agender,29.54.233.42,AZ
Penn,Frankom,pfrankomd3@infoseek.co.jp,Polygender,48.246.168.131,ID
Domeniga,Davitashvili,ddavitashvilid4@clickbank.net,Female,47.199.99.251,PA
Haley,Briand,hbriandd5@people.com.cn,Genderfluid,69.129.156.41,NY
Camala,,cbrattond6@amazon.co.uk,Polygender,,CA
Barbaraanne,Frarey,bfrareyd7@japanpost.jp,Female,13.213.238.28,TX
Lucinda,McGrowther,lmcgrowtherd8@harvard.edu,Female,47.127.83.228,TN
Loralyn,Irvin,lirvind9@phpbb.com,Polygender,146.58.246.16,TN
,Olesen,bolesenda@phoca.cz,Genderqueer,165.209.173.63,
Petra,Girogetti,pgirogettidb@comcast.net,Genderqueer,85.49.105.216,KY
Myer,Gonsalvez,mgonsalvezdc@nyu.edu,Non-binary,243.139.39.90,IN
Arlette,Longland,alonglanddd@ask.com,Male,13.177.149.23,CA
Camille,Jado,cjadode@springer.com,Male,67.71.233.252,MA
Annetta,Livesay,alivesaydf@ameblo.jp,Polygender,140.76.71.236,NC
Spencer,,smcbethdg@fastcompany.com,Agender,,CA
Howie,Flatte,hflattedh@e-recht24.de,Female,124.60.148.209,VA
Jesse,Lentsch,jlentschdi@icio.us,Genderfluid,113.82.90.5,AZ
Philly,Stroulger,pstroulgerdj@mozilla.org,Genderqueer,50.75.64.105,WA
Andy,Lyall,alyalldk@cam.ac.uk,Female,139.113.203.79,MA
Adam,Bahike,abahikedl@tripadvisor.com,Agender,129.53.2.89,VA
Torrin,Mucklestone,tmucklestonedm@i2i.jp,Non-binary,66.116.214.85,LA
Lars,Biever,lbieverdn@wsj.com,Bigender,122.118.210.79,MN
Delly,Entres,dentresdo@digg.com,Female,77.183.48.7,OK
Robbi,Canwell,rcanwelldp@tmall.com,Bigender,62.42.21.125,NY
Ruprecht,Danit,rdanitdq@ox.ac.uk,Non-binary,230.161.226.218,FL
Minnnie,Springer,mspringerdr@ehow.com,Bigender,66.57.173.247,GA
,Leven,flevends@webmd.com,Genderfluid,62.212.228.209,
Madelyn,Mergue,mmerguedt@eventbrite.com,Female,96.5.230.151,GA
Spike,Amys,samysdu@nih.gov,Agender,127.99.134.250,AL
,Sleaford,nsleaforddv@narod.ru,Genderfluid,61.126.102.212,
Shalne,Spinnace,sspinnacedw@techcrunch.com,Agender,217.19.132.28,CA
Thorny,Tremlett,ttremlettdx@wiley.com,Male,94.86.102.246,NM
,Calvert,ccalvertdy@aboutads.info,Genderfluid,56.189.209.113,
Stirling,Croix,scroixdz@cbslocal.com,Genderfluid,33.248.218.37,VA
Taber,McGrath,tmcgrathe0@creativecommons.org,Genderfluid,36.227.80.174,TX
,Crew,screwe1@unblog.fr,Bigender,38.118.234.177,
Derk,Brikner,dbriknere2@vk.com,Male,164.183.55.201,MD
Pren,Durnin,pdurnine3@cafepress.com,Female,163.63.150.121,NC
Peyton,MacGahey,pmacgaheye4@umich.edu,Genderfluid,230.100.94.224,NV
Donica,Bewsy,dbewsye5@yandex.ru,Agender,53.43.239.131,UT
Gay,Axtens,gaxtense6@nytimes.com,Bigender,106.77.158.17,VA
Whittaker,De Ruggiero,wderuggieroe7@upenn.edu,Agender,73.168.11.106,NM
Phaedra,Scarsbrook,pscarsbrooke8@time.com,Bigender,93.183.35.22,CO
Jobina,Durward,jdurwarde9@umich.edu,Genderfluid,119.177.231.166,NH
Kennith,Trammel,ktrammelea@themeforest.net,Agender,184.110.33.40,FL
Skip,Litchfield,slitchfieldeb@slate.com,Female,137.164.52.202,TX
,Farndale,gfarndaleec@netvibes.com,Agender,66.74.42.7,
Florie,Jirsa,fjirsaed@people.com.cn,Bigender,249.22.159.28,CA
Blisse,,btimlinee@cdbaby.com,Male,,AZ
Lenette,Shadfourth,lshadfourthef@ed.gov,Bigender,156.135.75.243,TX
Stanton,Wrigley,swrigleyeg@indiegogo.com,Agender,0.61.240.46,RI
Bren,Monger,bmongereh@alexa.com,Female,65.87.75.167,TX
Karissa,Scholz,kscholzei@meetup.com,Non-binary,231.123.35.10,VA
Rhoda,Longlands,rlonglandsej@fastcompany.com,Bigender,95.213.3.196,CT
Goldarina,Benton,gbentonek@illinois.edu,Genderfluid,204.216.33.147,IN
Willey,Grabb,wgrabbel@rambler.ru,Non-binary,80.246.132.241,TN
Gilbertine,Creeber,gcreeberem@lycos.com,Male,243.189.190.52,LA
,Andreone,eandreoneen@ihg.com,Polygender,5.113.132.161,
Marnia,Dot,mdoteo@technorati.com,Female,126.51.148.217,DC
Christine,Thorby,cthorbyep@printfriendly.com,Female,241.127.111.133,CA
,Shmyr,nshmyreq@mlb.com,Non-binary,26.45.77.155,
Dun,Donan,ddonaner@hud.gov,Polygender,124.177.1.46,IN
Daron,Ratie,dratiees@weibo.com,Male,214.225.0.205,TX
,Heads,lheadset@dell.com,Male,181.203.203.190,
Des,Andrioni,dandrionieu@google.fr,Agender,49.70.215.106,FL
Eduard,Pitchers,epitchersev@lulu.com,Genderqueer,231.177.90.84,TN
Jose,Fouracre,jfouracreew@google.ru,Female,30.234.169.76,CA
Hollyanne,Cosens,hcosensex@bing.com,Non-binary,202.160.215.25,MI
Ebonee,Tunder,etunderey@360.cn,Genderqueer,4.71.134.114,IL
Colin,Fortnum,cfortnumez@fda.gov,Polygender,153.207.141.22,TN
Ruprecht,Lowdwell,rlowdwellf0@angelfire.com,Non-binary,209.47.226.76,MO
Far,Simmans,fsimmansf1@php.net,Genderfluid,127.147.67.20,LA
Clerc,Bareham,cbarehamf2@shinystat.com,Bigender,232.136.40.177,AL
Maximo,Seres,mseresf3@indiegogo.com,Genderqueer,157.147.247.49,GA
Tynan,Pavlenkov,tpavlenkovf4@mlb.com,Bigender,180.110.207.192,MO
Billie,Yurkevich,byurkevichf5@ycombinator.com,Female,254.82.63.189,VA
Ellsworth,Fitter,efitterf6@yahoo.co.jp,Male,214.53.111.196,TX
Lottie,Auchterlonie,lauchterlonief7@joomla.org,Female,210.124.61.245,CO
Marius,Tombling,mtomblingf8@constantcontact.com,Female,104.196.45.228,CA
Philipa,Burd,pburdf9@weather.com,Genderfluid,101.175.188.64,MO
Ibbie,Baldrick,ibaldrickfa@blog.com,Bigender,201.66.205.215,PA
Vasili,Teesdale,vteesdalefb@reuters.com,Bigender,207.45.209.53,NY
Karyn,Cota,kcotafc@wisc.edu,Genderfluid,205.150.102.221,AR
Max,Battison,mbattisonfd@ucoz.com,Female,89.104.100.77,PA
Sabrina,Mabbott,smabbottfe@canalblog.com,Female,125.142.184.149,TX
Maxi,Caulier,mcaulierff@apple.com,Non-binary,207.203.145.98,DC
Elicia,Gasticke,egastickefg@sun.com,Non-binary,23.7.78.182,NJ
Jared,Ferbrache,jferbrachefh@washingtonpost.com,Male,13.221.132.223,DC
Keenan,Dempster,kdempsterfi@earthlink.net,Agender,120.119.110.22,AZ
Killie,Duly,kdulyfj@csmonitor.com,Male,213.13.33.17,TX
Mendy,Malec,mmalecfk@businesswire.com,Bigender,35.221.132.220,CA
Ramsey,Orrom,rorromfl@webs.com,Male,194.239.255.115,FL
Gael,Tant,gtantfm@gizmodo.com,Agender,247.106.118.82,TX
Fedora,Knellen,fknellenfn@ucsd.edu,Non-binary,225.32.62.21,TX
Karla,Leddy,kleddyfo@exblog.jp,Genderqueer,16.164.18.39,NM
Theresina,Gabbitis,tgabbitisfp@google.nl,Genderqueer,46.234.89.170,PA
Evelyn,Brooking,ebrookingfq@xinhuanet.com,Bigender,37.173.155.96,KS
Zora,Collister,zcollisterfr@buzzfeed.com,Bigender,234.5.27.65,MN
Deana,Heinreich,dheinreichfs@mapquest.com,Non-binary,204.152.53.81,SC
Bond,Ladloe,bladloeft@uiuc.edu,Non-binary,45.150.57.161,WI
Annabell,,aeskellfu@eepurl.com,Agender,,NE
,Olenov,molenovfv@skype.com,Female,3.58.172.92,
Garrett,,gclewfw@house.gov,Bigender,,MS
Adrienne,Huffer,ahufferfx@geocities.com,Polygender,50.59.69.192,AZ
Sheri,Stables,sstablesfy@blogger.com,Agender,195.118.96.225,AR
Cyrill,Noice,cnoicefz@vistaprint.com,Non-binary,62.31.81.3,MA
Billye,Mavin,bmaving0@nifty.com,Agender,175.51.88.186,PA
Sully,Dimond,sdimondg1@usa.gov,Polygender,35.45.118.103,CA
Celestine,,cbutterwickg2@spotify.com,Genderfluid,,VA
Lu,Semeniuk,lsemeniukg3@over-blog.com,Agender,153.79.89.118,IL
Lynnell,Artin,larting4@live.com,Bigender,12.3.220.77,TX
Coralie,De Vaar,cdevaarg5@blinklist.com,Genderqueer,139.154.230.252,GA
Norma,Tarbatt,ntarbattg6@prlog.org,Bigender,195.152.55.161,KS
Peg,Yurchishin,pyurchishing7@psu.edu,Bigender,31.113.145.31,CA
Roby,Duffin,rduffing8@naver.com,Bigender,90.241.32.182,OH
Jessi,Tomik,jtomikg9@blinklist.com,Polygender,78.28.95.216,MI
Giulia,Perrott,gperrottga@squarespace.com,Agender,53.106.190.229,CA
Eugene,Fee,efeegb@miibeian.gov.cn,Non-binary,69.74.68.104,KY
Amye,Tejada,atejadagc@unc.edu,Non-binary,165.141.11.185,DC
Clio,Benoist,cbenoistgd@telegraph.co.uk,Polygender,108.97.33.234,GA
Stinky,Hacard,shacardge@opera.com,Genderqueer,176.126.26.8,KS
Emlynne,Cicero,ecicerogf@ow.ly,Non-binary,169.79.206.105,MO
Marcelle,Ramsbotham,mramsbothamgg@example.com,Female,152.206.21.247,TX
Ly,Sabie,lsabiegh@nps.gov,Genderfluid,152.102.210.174,NC
Minor,Hankard,mhankardgi@geocities.jp,Genderfluid,165.90.202.203,FL
Marta,Aylen,maylengj@tripadvisor.com,Polygender,27.63.37.195,CA
Kayle,Viall,kviallgk@psu.edu,Non-binary,244.84.31.231,MN
Lindy,Coen,lcoengl@quantcast.com,Agender,238.80.158.177,CA
Aguie,Clingoe,aclingoegm@nps.gov,Bigender,111.164.184.118,WI
,Upham,suphamgn@yandex.ru,Agender,219.32.72.232,
Nikki,Tooze,ntoozego@usa.gov,Bigender,98.151.4.153,CA
Chester,Cornhill,ccornhillgp@mit.edu,Genderqueer,5.233.248.1,TX
Emmaline,Vacher,evachergq@kickstarter.com,Polygender,171.143.62.215,IL
Flemming,Matissoff,fmatissoffgr@cnbc.com,Male,246.209.61.67,NV
Nikolos,Izat,nizatgs@yahoo.co.jp,Male,241.251.242.52,OH
Barrie,Pannaman,bpannamangt@reuters.com,Polygender,27.194.104.222,CA
Gaile,,gbowheygu@ycombinator.com,Male,,NY
Gray,Huntington,ghuntingtongv@goo.ne.jp,Polygender,157.179.52.53,CA
Griz,,glempkegw@who.int,Agender,,NY
Bobby,Magee,bmageegx@cnet.com,Polygender,21.56.56.148,MA
Mia,Van Haeften,mvanhaeftengy@ftc.gov,Non-binary,40.48.59.148,UT
Terry,Aitcheson,taitchesongz@webs.com,Agender,245.165.82.208,NV
Cam,,cknighth0@last.fm,Genderqueer,,WV
Morten,Stokoe,mstokoeh1@imdb.com,Genderfluid,42.247.111.33,TX
Natalya,MacDonald,nmacdonaldh2@answers.com,Agender,205.170.172.140,WI
Helge,Heinish,hheinishh3@amazon.co.jp,Polygender,122.242.135.226,CA
Rollins,Varley,rvarleyh4@multiply.com,Male,129.70.136.13,NV
Theobald,Lowres,tlowresh5@jigsy.com,Female,129.156.172.232,AL
Inigo,Lovering,iloveringh6@baidu.com,Agender,25.152.81.5,TX
Efrem,Coghill,ecoghillh7@mac.com,Genderfluid,231.78.74.39,NC
Allissa,Fassbindler,afassbindlerh8@exblog.jp,Bigender,34.19.130.197,FL
Ailene,Drakes,adrakesh9@youtube.com,Non-binary,215.7.253.236,FL
Darcee,Drinan,ddrinanha@google.com.au,Bigender,135.185.20.184,MA
Marve,Meins,mmeinshb@123-reg.co.uk,Bigender,54.110.80.238,IN
Shanta,Brockley,sbrockleyhc@pagesperso-orange.fr,Agender,79.163.33.46,OK
Lurleen,Linthead,llintheadhd@shutterfly.com,Bigender,104.139.50.202,IA
Tabby,Ritchard,tritchardhe@devhub.com,Female,97.149.121.243,NC
Cristal,Dwire,cdwirehf@yale.edu,Polygender,229.130.106.213,NV
Erhart,Pittendreigh,epittendreighhg@barnesandnoble.com,Male,87.237.77.180,TX
Ange,Zanuciolii,azanucioliihh@godaddy.com,Male,146.251.184.119,MN
Evelyn,Rosenbloom,erosenbloomhi@de.vu,Bigender,212.254.226.32,AZ
Melamie,Spriggs,mspriggshj@cam.ac.uk,Genderfluid,112.134.41.220,AL
Chev,Hubbock,chubbockhk@dedecms.com,Genderfluid,250.61.184.186,TX
Binni,Pocklington,bpocklingtonhl@illinois.edu,Agender,43.88.74.5,OR
Antonietta,Yelland,ayellandhm@blogger.com,Non-binary,242.116.102.184,IN
,Blaksley,ablaksleyhn@howstuffworks.com,Genderfluid,235.191.188.184,
Grannie,Durtnall,gdurtnallho@opera.com,Genderfluid,246.159.248.29,NE
Brien,Brideoke,bbrideokehp@businesswire.com,Bigender,52.65.217.136,TN
Aubrette,Doore,adoorehq@livejournal.com,Polygender,186.137.129.1,CA
Rayner,Gulleford,rgullefordhr@cargocollective.com,Female,47.216.178.193,FL
Eileen,Halsall,ehalsallhs@elegantthemes.com,Non-binary,101.173.253.12,MO
Bancroft,Simonel,bsimonelht@cocolog-nifty.com,Polygender,83.170.36.215,TX
Virginie,Holtaway,vholtawayhu@va.gov,Non-binary,223.238.142.30,AL
Tiffanie,Kilfedder,tkilfedderhv@mapy.cz,Bigender,112.220.58.146,AZ
Standford,Hehnke,shehnkehw@slideshare.net,Polygender,59.65.233.74,FL
Bary,,bchasierhx@newyorker.com,Bigender,,KS
Annissa,Astle,aastlehy@accuweather.com,Genderqueer,163.4.42.204,OK
Harlan,Aindrais,haindraishz@csmonitor.com,Genderfluid,24.81.128.247,MA
Colby,Merle,cmerlei0@pbs.org,Non-binary,91.93.100.108,CA
Karly,Voller,kvolleri1@google.com.br,Agender,49.118.80.217,CA
Laura,Schuck,lschucki2@omniture.com,Non-binary,111.141.172.78,CA
Consuelo,Fivey,cfiveyi3@time.com,Genderfluid,37.119.213.29,CA
Brunhilde,Fossick,bfossicki4@cocolog-nifty.com,Bigender,135.23.4.89,OH
Temp,Illston,tillstoni5@cbsnews.com,Genderfluid,225.253.184.157,DC
Angelia,Pavese,apavesei6@army.mil,Female,62.23.61.234,OH
Sisely,Whittek,swhitteki7@icio.us,Non-binary,135.248.171.106,IL
Merv,McCroft,mmccrofti8@cdc.gov,Female,189.207.135.216,CA
Dyanne,Linfield,dlinfieldi9@creativecommons.org,Bigender,74.135.135.123,MN
Morissa,Kingsnode,mkingsnodeia@soundcloud.com,Agender,198.98.183.0,WI
Sanderson,Petyanin,spetyaninib@behance.net,Genderqueer,233.97.172.50,SC
Natalie,Greensted,ngreenstedic@disqus.com,Bigender,253.19.198.16,VA
Chryste,Fley,cfleyid@topsy.com,Male,1.227.140.186,AL
,Loughlan,vloughlanie@dailymail.co.uk,Polygender,117.8.104.16,
Mignonne,Tolcher,mtolcherif@google.co.uk,Genderqueer,99.123.248.144,TX
Gennie,Cloy,gcloyig@list-manage.com,Bigender,115.155.128.205,NC
Artie,Tottman,atottmanih@wikispaces.com,Genderqueer,7.121.239.164,AL
Shurlock,Hiscoe,shiscoeii@vkontakte.ru,Female,188.125.86.234,OH
Maribel,Lovering,mloveringij@washingtonpost.com,Agender,124.17.71.9,KY
Yvon,Twoohy,ytwoohyik@chronoengine.com,Bigender,223.215.182.142,OH
Klement,Bothams,kbothamsil@admin.ch,Agender,166.116.218.119,PA
Hagan,Etchells,hetchellsim@illinois.edu,Polygender,48.109.181.173,SC
,Beggs,abeggsin@macromedia.com,Genderqueer,26.157.75.119,
Basilio,Gerbel,bgerbelio@microsoft.com,Male,226.165.96.74,NV
Nara,Bente,nbenteip@earthlink.net,Polygender,22.4.30.118,FL
Jerrilee,Pridham,jpridhamiq@myspace.com,Genderqueer,13.207.38.150,VA
Andie,Lowes,alowesir@facebook.com,Agender,208.48.61.132,NY
Chickie,Murison,cmurisonis@w3.org,Bigender,196.250.61.82,FL
Tamra,Canavan,tcanavanit@comsenz.com,Polygender,30.243.99.139,CA
Hestia,Thynn,hthynniu@stumbleupon.com,Polygender,249.249.60.249,DC
Roanna,Sandyford,rsandyfordiv@goo.ne.jp,Non-binary,247.181.147.221,CA
Emmy,Chorlton,echorltoniw@ted.com,Female,209.47.164.237,PA
Jeff,Daveridge,jdaveridgeix@nasa.gov,Agender,133.252.185.210,LA
Nat,MacDonell,nmacdonelliy@ebay.co.uk,Genderfluid,177.182.133.102,NC
Ronalda,Breazeall,rbreazealliz@patch.com,Female,119.67.141.36,TX
Ase,,aclutterbuckj0@ucoz.com,Female,,IN
Stavros,Scholtz,sscholtzj1@php.net,Female,253.88.21.162,FL
Nehemiah,Imlaw,nimlawj2@java.com,Agender,180.78.113.253,MN
Conway,Bowness,cbownessj3@github.com,Agender,129.159.62.237,VA
Virgilio,Bailes,vbailesj4@bbc.co.uk,Genderqueer,66.198.34.215,WA
,Pharoah,spharoahj5@slate.com,Polygender,183.247.135.149,
Averil,Elflain,aelflainj6@imgur.com,Genderfluid,219.107.201.52,AL
Sol,Clampe,sclampej7@washington.edu,Non-binary,231.158.227.157,TN
Dione,Cunnell,dcunnellj8@jimdo.com,Female,30.150.100.173,TX
Gweneth,Rodman,grodmanj9@so-net.ne.jp,Genderqueer,148.115.47.114,IA
Marthena,Aleshkov,maleshkovja@geocities.com,Bigender,28.147.110.19,MD
Othilie,Hambatch,ohambatchjb@nydailynews.com,Genderqueer,143.89.89.228,CA
Fernando,Lillecrop,flillecropjc@sakura.ne.jp,Female,154.229.231.16,AR
Angelo,Oldred,aoldredjd@time.com,Genderfluid,153.135.28.34,TX
Halimeda,Dyson,hdysonje@so-net.ne.jp,Genderfluid,225.37.4.188,GA
Liz,Gentsch,lgentschjf@php.net,Genderfluid,115.15.173.254,GA
Alli,Bartolomeo,abartolomeojg@opensource.org,Bigender,236.7.152.177,FL
Kaylyn,Waye,kwayejh@wikia.com,Agender,46.157.187.45,TX
Isa,Snelgrove,isnelgroveji@uol.com.br,Polygender,125.135.104.96,WA
Trevor,Chate,tchatejj@tmall.com,Female,116.235.5.76,VA
Bobbie,Heaysman,bheaysmanjk@symantec.com,Polygender,249.118.202.231,CA
Amata,Crowth,acrowthjl@pcworld.com,Female,2.240.175.67,MN
Gerrie,Brunicke,gbrunickejm@cdbaby.com,Genderfluid,180.221.215.74,NC
Catie,Warren,cwarrenjn@dot.gov,Female,226.221.188.63,MO
Darline,Oppie,doppiejo@elegantthemes.com,Polygender,105.64.203.142,SC
,Raimbauld,hraimbauldjp@linkedin.com,Bigender,144.113.75.195,
Yank,Glusby,yglusbyjq@home.pl,Agender,210.193.103.34,TX
Delilah,Cavolini,dcavolinijr@unesco.org,Bigender,57.131.163.106,TN
Taite,Fairham,tfairhamjs@google.com.br,Polygender,83.14.185.110,TX
Sayre,Orwell,sorwelljt@xing.com,Male,173.208.156.133,MD
Ichabod,Amys,iamysju@si.edu,Agender,133.246.172.68,KS
Odilia,Eastby,oeastbyjv@blinklist.com,Non-binary,47.198.196.185,WA
Enoch,Ingliss,einglissjw@rakuten.co.jp,Female,136.164.157.12,KY
Caitrin,Cockin,ccockinjx@reddit.com,Male,181.61.229.248,NY
Liam,Muck,lmuckjy@wordpress.com,Genderfluid,18.43.6.184,NY
,Wooffitt,swooffittjz@examiner.com,Agender,196.241.99.188,
Betteann,Offiler,boffilerk0@microsoft.com,Male,206.181.183.176,TX
Herold,Boome,hboomek1@yahoo.co.jp,Bigender,196.132.72.9,KY
Electra,Letham,elethamk2@webmd.com,Genderqueer,248.204.1.56,TX
,Fleischer,jfleischerk3@technorati.com,Genderqueer,73.240.64.123,
Zaria,Botly,zbotlyk4@dmoz.org,Genderfluid,79.92.45.161,IN
Caitrin,Burgiss,cburgissk5@theglobeandmail.com,Non-binary,159.155.19.80,KS
Danella,Megroff,dmegroffk6@paginegialle.it,Non-binary,176.205.30.2,TX
Biddy,Renneke,brennekek7@opensource.org,Male,128.54.170.254,MN
Raff,Dulwitch,rdulwitchk8@51.la,Genderfluid,152.153.190.155,CA
Constancia,Cerman,ccermank9@stumbleupon.com,Non-binary,0.29.54.209,KY
Clovis,Brigman,cbrigmanka@elegantthemes.com,Bigender,29.67.123.188,IN
Gordie,Baynard,gbaynardkb@imgur.com,Agender,0.164.90.5,MI
Seka,Sleigh,ssleighkc@google.com.br,Genderqueer,73.234.87.69,MO
Caritta,Buxcey,cbuxceykd@biblegateway.com,Male,214.192.117.90,FL
Ebonee,Cordelet,ecordeletke@php.net,Genderfluid,195.209.176.134,AZ
Elissa,Fears,efearskf@techcrunch.com,Non-binary,162.23.212.171,KY
Derrik,Paragreen,dparagreenkg@sitemeter.com,Bigender,99.197.35.254,TX
Norene,Trouel,ntrouelkh@umn.edu,Polygender,229.78.15.62,DC
,,ssimoncelliki@ibm.com,Female,,
Rosalie,Wingeat,rwingeatkj@microsoft.com,Non-binary,129.194.46.9,TX
Aldis,Culbard,aculbardkk@i2i.jp,Genderqueer,162.95.8.138,DC
Alejandrina,Gerlack,agerlackkl@wiley.com,Male,159.53.74.218,WV
Nicholle,Cradduck,ncradduckkm@mac.com,Bigender,166.206.41.144,CA
,Gavrieli,kgavrielikn@squarespace.com,Genderqueer,227.163.212.225,
Grier,Philippeaux,gphilippeauxko@com.com,Genderqueer,4.149.70.217,AZ
Darren,Keep,dkeepkp@blogspot.com,Genderqueer,83.226.218.80,AZ
Shane,Joontjes,sjoontjeskq@themeforest.net,Agender,219.221.118.54,TX
Nydia,Olivo,nolivokr@flickr.com,Polygender,67.111.234.195,NC
Afton,Bransby,abransbyks@mozilla.com,Female,109.115.70.54,IN
Felice,O'Leagham,foleaghamkt@hubpages.com,Female,191.219.206.47,WV
Sydelle,Palin,spalinku@dot.gov,Polygender,106.108.19.232,LA
Antonio,Tordiffe,atordiffekv@wikispaces.com,Female,170.171.18.157,MI
Adella,Gerson,agersonkw@discuz.net,Genderfluid,14.123.239.246,CA
Pietrek,Kroch,pkrochkx@aol.com,Female,247.27.252.147,MI
Kerstin,Pillman,kpillmanky@deviantart.com,Agender,190.54.227.207,VA
Padget,Pilgrim,ppilgrimkz@cargocollective.com,Non-binary,31.129.141.112,TX
Adelind,Murdie,amurdiel0@home.pl,Female,131.83.181.93,MN
,Ciccoloi,pciccoloil1@de.vu,Female,7.24.107.99,
Xever,Leidecker,xleideckerl2@mac.com,Male,115.108.123.202,KY
Theodosia,Weatherall,tweatheralll3@google.pl,Female,74.139.180.56,UT
Joshuah,Laurenson,jlaurensonl4@ucoz.ru,Bigender,231.159.34.177,CA
Cathleen,Coney,cconeyl5@creativecommons.org,Polygender,155.8.107.10,FL
Olivier,Von Gladbach,ovongladbachl6@whitehouse.gov,Genderfluid,173.132.243.174,NC
Coop,Gerhts,cgerhtsl7@foxnews.com,Bigender,83.133.85.32,WI
Urson,Tootin,utootinl8@epa.gov,Non-binary,183.63.62.195,GA
Mathe,Plevin,mplevinl9@webnode.com,Male,233.75.25.36,NY
Enrique,Pridie,epridiela@toplist.cz,Male,216.140.127.36,FL
Aggie,Jaggar,ajaggarlb@themeforest.net,Bigender,200.168.152.181,FL
Johnnie,Bartkiewicz,jbartkiewiczlc@statcounter.com,Female,177.89.165.136,GA
Wald,Crampsy,wcrampsyld@bigcartel.com,Genderfluid,110.233.197.97,IN
Kelly,Fears,kfearsle@home.pl,Genderqueer,121.134.13.242,NC
Teresina,Shimmans,tshimmanslf@youtube.com,Non-binary,132.177.188.187,FL
Crysta,Ravilus,craviluslg@uol.com.br,Bigender,53.76.168.50,CT
Laverna,Snaith,lsnaithlh@jigsy.com,Agender,136.101.139.250,VA
Bambi,Carson,bcarsonli@nih.gov,Male,152.100.238.80,AR
Katy,Winfield,kwinfieldlj@clickbank.net,Genderqueer,204.80.93.90,IA
Becki,Cutts,bcuttslk@slashdot.org,Non-binary,177.240.124.111,TX
,McCaw,gmccawll@behance.net,Non-binary,176.14.2.88,
Petunia,Tweedy,ptweedylm@163.com,Male,33.45.154.43,CA
Danella,Aldins,daldinsln@disqus.com,Bigender,158.43.79.4,FL
Cissiee,Cochrane,ccochranelo@eventbrite.com,Genderqueer,72.25.71.219,FL
Paulo,Pibworth,ppibworthlp@salon.com,Polygender,79.7.244.208,AZ
Hansiain,Groundwater,hgroundwaterlq@facebook.com,Polygender,241.195.228.40,IL
Ricki,Tidder,rtidderlr@scribd.com,Agender,241.25.244.156,CT
Germain,Muzzini,gmuzzinils@prweb.com,Non-binary,196.55.221.244,MN
Feodor,Robberts,frobbertslt@google.co.jp,Polygender,81.155.223.69,OH
,Barthel,mbarthellu@umich.edu,Bigender,228.6.127.185,
Dylan,Winfindale,dwinfindalelv@quantcast.com,Genderqueer,240.215.165.125,MN
Corrie,Wilkes,cwilkeslw@amazon.com,Bigender,71.253.199.71,FL
Fred,Hoppner,fhoppnerlx@pinterest.com,Agender,27.16.171.206,CA
Pam,Soper,psoperly@netscape.com,Female,101.118.188.186,CA
Dredi,Stickland,dsticklandlz@tuttocitta.it,Agender,227.191.231.57,CA
Shay,Cahn,scahnm0@pagesperso-orange.fr,Genderfluid,26.31.2.160,AR
,Dymoke,fdymokem1@redcross.org,Genderqueer,244.223.195.156,
Ida,Venning,ivenningm2@indiatimes.com,Bigender,250.151.50.122,NE
,Mockes,bmockesm3@bloglines.com,Non-binary,11.175.169.227,
Karlotta,Aspinall,kaspinallm4@spiegel.de,Agender,51.137.156.119,CO
Wendi,Glander,wglanderm5@latimes.com,Male,135.56.129.117,TX
Steffi,Roulston,sroulstonm6@acquirethisname.com,Genderqueer,216.158.232.250,CA
Margarethe,Ingrem,mingremm7@telegraph.co.uk,Female,96.12.24.57,WI
Robinette,Asipenko,rasipenkom8@comcast.net,Polygender,215.13.155.113,AZ
Lauraine,Dadley,ldadleym9@redcross.org,Genderqueer,133.236.156.157,CA
,Ong,jongma@pen.io,Polygender,35.165.153.73,
Gerek,Steffan,gsteffanmb@upenn.edu,Female,148.110.246.1,GA
Selene,Domel,sdomelmc@mayoclinic.com,Female,106.203.83.102,GA
Adelice,Dell Casa,adellcasamd@blogger.com,Non-binary,61.95.125.191,AZ
Regan,Clever,rcleverme@umich.edu,Genderfluid,179.61.222.198,CA
Tabatha,Bascomb,tbascombmf@mysql.com,Bigender,196.106.52.128,NV
Marleen,Bonnet,mbonnetmg@baidu.com,Female,50.253.207.83,CA
Melita,Bockings,mbockingsmh@ibm.com,Non-binary,32.231.74.152,SC
Alexandr,Jailler,ajaillermi@cloudflare.com,Female,192.195.25.241,TX
Jordan,Kepp,jkeppmj@tumblr.com,Bigender,102.178.113.117,KS
Arthur,Dearman,adearmanmk@google.es,Genderqueer,52.52.68.163,WV
Lonnie,Martignon,lmartignonml@time.com,Non-binary,45.242.126.61,CT
Fionna,Millership,fmillershipmm@army.mil,Polygender,10.58.7.236,OK
Emerson,Leglise,eleglisemn@freewebs.com,Bigender,9.208.109.59,TX
Kimbell,Jelks,kjelksmo@home.pl,Male,223.250.215.98,WA
Gabriel,Broader,gbroadermp@tamu.edu,Genderqueer,139.90.204.101,IN
Penrod,Serrels,pserrelsmq@ucla.edu,Agender,79.140.2.144,CA
Mariquilla,Malshinger,mmalshingermr@gravatar.com,Agender,53.96.116.62,PA
Gardener,Bricket,gbricketms@yale.edu,Genderfluid,138.54.26.94,FL
Leonie,Gillicuddy,lgillicuddymt@youtu.be,Genderfluid,221.14.71.176,OK
Domenic,Sorey,dsoreymu@kickstarter.com,Polygender,102.85.122.12,TX
Nada,Ridsdole,nridsdolemv@indiatimes.com,Non-binary,61.160.28.195,SC
Danny,Hallows,dhallowsmw@xrea.com,Agender,84.80.112.96,CA
Hieronymus,Dowse,hdowsemx@vk.com,Genderqueer,216.187.111.8,FL
Aline,Botha,abothamy@privacy.gov.au,Polygender,11.124.168.185,OR
Peirce,Azema,pazemamz@netscape.com,Bigender,53.134.214.94,NY
Pepillo,Northway,pnorthwayn0@smh.com.au,Bigender,118.96.193.102,FL
Danny,Grewes,dgrewesn1@sfgate.com,Bigender,196.13.206.90,IA
Clementia,Janak,cjanakn2@instagram.com,Female,109.239.250.104,CA
Tomasine,Cossans,tcossansn3@home.pl,Genderfluid,101.182.169.150,NC
Megen,,mbrideoken4@blogs.com,Genderqueer,,MO
Jillian,Thornewill,jthornewilln5@surveymonkey.com,Bigender,148.135.4.110,FL
Adelice,Woolston,awoolstonn6@abc.net.au,Genderqueer,178.160.173.74,MN
Doria,Hasker,dhaskern7@blogs.com,Female,50.123.199.77,OK
Vivia,Pryde,vpryden8@uiuc.edu,Non-binary,165.198.138.112,IN
Rozina,Elsip,relsipn9@unicef.org,Non-binary,104.207.84.169,CO
Donnamarie,Ketchell,dketchellna@networkadvertising.org,Bigender,124.197.241.51,FL
Taylor,Duignan,tduignannb@wordpress.com,Female,183.162.98.37,DC
Lanny,Koeppe,lkoeppenc@51.la,Non-binary,135.217.16.183,UT
Quint,Ringrose,qringrosend@diigo.com,Bigender,47.109.128.208,CA
,Reims,rreimsne@sitemeter.com,Genderfluid,208.119.137.192,
Emmalynn,Morilla,emorillanf@purevolume.com,Male,46.250.44.51,CA
Maisie,McClenaghan,mmcclenaghanng@youtu.be,Genderqueer,161.90.71.124,TX
Haleigh,Handrahan,hhandrahannh@si.edu,Genderqueer,27.26.139.13,GA
Gauthier,McCarlie,gmccarlieni@ftc.gov,Female,104.138.110.144,MO
Nerta,Chaplain,nchaplainnj@oakley.com,Polygender,167.61.41.208,GA
Berne,Duck,bducknk@elpais.com,Female,159.212.74.213,FL
Benita,,bbaldinottinl@un.org,Female,,AZ
Guinna,Coffin,gcoffinnm@artisteer.com,Genderqueer,150.254.97.4,IN
Kelby,Beauly,kbeaulynn@blog.com,Male,11.249.150.238,AK
My,Blees,mbleesno@odnoklassniki.ru,Agender,26.198.163.129,PA
Deedee,Goodbur,dgoodburnp@sitemeter.com,Female,37.240.19.100,CA
Kati,McMonies,kmcmoniesnq@toplist.cz,Genderqueer,174.206.104.145,CO
Clementia,Eglaise,ceglaisenr@cpanel.net,Bigender,16.166.29.72,CA
Roland,Danaher,rdanaherns@irs.gov,Non-binary,12.198.48.161,FL
Dian,Elstone,delstonent@deliciousdays.com,Agender,85.67.245.254,VA
Dolph,Hallock,dhallocknu@bloglines.com,Female,235.214.200.248,CT
Sybyl,Semper,ssempernv@issuu.com,Non-binary,27.143.212.150,CA
Tabbie,,tcarrodusnw@sciencedaily.com,Female,,MO
Giffy,Andrioni,gandrioninx@mayoclinic.com,Polygender,150.232.41.5,TX
Malvin,Leavesley,mleavesleyny@unicef.org,Bigender,244.143.32.146,CA
Norby,Piccop,npiccopnz@webeden.co.uk,Genderfluid,179.70.114.80,FL
Dawn,Carlino,dcarlinoo0@netlog.com,Female,38.208.26.182,TX
Roana,,relfordo1@nydailynews.com,Agender,,FL
Dietrich,Pinner,dpinnero2@t-online.de,Bigender,184.161.114.146,CO
Milissent,Geffinger,mgeffingero3@tuttocitta.it,Non-binary,101.235.33.2,IL
Christophe,Flode,cflodeo4@vimeo.com,Bigender,55.253.68.175,WI
Jewell,Mayne,jmayneo5@nbcnews.com,Male,217.110.204.125,IL
Brandon,Scholig,bscholigo6@china.com.cn,Male,88.21.61.173,TX
Doralyn,Jandac,djandaco7@symantec.com,Male,1.35.226.79,FL
Cordelia,Ransom,cransomo8@wikipedia.org,Male,222.120.234.202,TX
Celestyn,Moulson,cmoulsono9@parallels.com,Bigender,97.14.65.3,CA
Hillary,Krolak,hkrolakoa@nasa.gov,Male,153.235.202.3,WV
Sarajane,,sleucharsob@mtv.com,Genderfluid,,CA
Skye,Rohlf,srohlfoc@narod.ru,Agender,47.128.21.176,MA
Tremaine,Malam,tmalamod@archive.org,Agender,86.83.162.92,TX
Devland,Sharrard,dsharrardoe@bigcartel.com,Non-binary,209.252.199.254,FL
Karen,Burgiss,kburgissof@wunderground.com,Female,221.139.112.227,CO
Rosalia,Alison,ralisonog@is.gd,Non-binary,55.71.193.210,TX
Muhammad,Leigh,mleighoh@sohu.com,Female,157.226.76.110,MN
Rory,Meaddowcroft,rmeaddowcroftoi@msn.com,Male,223.227.20.25,IL
Barry,Pickerell,bpickerelloj@unesco.org,Male,44.172.77.51,CA
Mercedes,Dolbey,mdolbeyok@soundcloud.com,Genderqueer,20.110.90.247,VA
Manya,Southan,msouthanol@nymag.com,Male,19.107.62.147,CA
Mill,Mathews,mmathewsom@businessweek.com,Genderqueer,187.87.24.101,AZ
Suzanne,Brahmer,sbrahmeron@ustream.tv,Bigender,139.252.202.216,FL
Monique,Hildrew,mhildrewoo@tinyurl.com,Bigender,31.244.231.90,MA
Jameson,La Batie,jlabatieop@theatlantic.com,Polygender,250.73.90.255,NM
Luz,Dukesbury,ldukesburyoq@businessweek.com,Genderqueer,194.18.188.38,SC
Meredeth,Ostrich,mostrichor@nhs.uk,Non-binary,80.111.185.169,PA
Daisey,Tibalt,dtibaltos@illinois.edu,Non-binary,152.183.104.77,TX
Ricky,Hadgraft,rhadgraftot@angelfire.com,Agender,39.46.104.172,CA
,Dinwoodie,ddinwoodieou@yellowpages.com,Genderqueer,100.156.44.157,
Marje,Figgess,mfiggessov@histats.com,Male,63.65.131.47,MI
Ashlin,Skalls,askallsow@cornell.edu,Female,254.82.86.174,NC
Ramonda,Razzell,rrazzellox@shinystat.com,Female,71.191.93.72,FL
Dov,Killcross,dkillcrossoy@samsung.com,Genderqueer,16.142.1.215,PA
Ammamaria,,aziebartoz@soundcloud.com,Polygender,,FL
Eliza,Beddoes,ebeddoesp0@typepad.com,Bigender,124.186.80.98,NC
Dennison,Whales,dwhalesp1@desdev.cn,Female,77.11.139.139,MT
Prent,Bleackley,pbleackleyp2@slideshare.net,Bigender,93.183.152.61,CO
Von,Pyvis,vpyvisp3@smh.com.au,Polygender,60.161.65.54,DC
Ricca,Swindle,rswindlep4@thetimes.co.uk,Genderfluid,153.63.196.122,CA
Brynn,Godball,bgodballp5@phpbb.com,Male,27.47.17.188,OH
Ralina,Dowdall,rdowdallp6@spiegel.de,Bigender,57.122.239.179,UT
Rickard,Pennetta,rpennettap7@ezinearticles.com,Male,158.215.158.59,MN
Sayers,Courson,scoursonp8@gmpg.org,Male,10.142.20.247,CA
Tamar,Clemendot,tclemendotp9@icq.com,Agender,131.19.141.22,KY
Fanechka,Cranage,fcranagepa@shop-pro.jp,Polygender,69.230.80.79,CA
Lusa,Swaden,lswadenpb@utexas.edu,Non-binary,178.168.188.139,FL
Bernadene,Camerana,bcameranapc@bbb.org,Bigender,51.222.30.210,CA
Rakel,Addams,raddamspd@tinyurl.com,Agender,87.20.209.135,NY
,See,mseepe@dailymail.co.uk,Agender,142.220.229.17,
Farr,Durram,fdurrampf@gravatar.com,Bigender,208.15.35.5,CT
Rickard,Adhams,radhamspg@gnu.org,Male,224.131.120.87,WV
Gonzales,Biggam,gbiggamph@4shared.com,Agender,251.125.45.143,CA
Krystyna,Spadollini,kspadollinipi@bbb.org,Bigender,213.223.101.83,TX
Coop,Nieass,cnieasspj@mysql.com,Male,60.214.161.162,NY
Agna,MacGragh,amacgraghpk@cnn.com,Genderqueer,51.110.96.24,VA
,Secker,sseckerpl@ted.com,Polygender,33.35.38.240,
Bartel,,bhawkinspm@berkeley.edu,Genderfluid,,DC
Berte,Coolahan,bcoolahanpn@answers.com,Genderqueer,2.33.52.186,TX
Tomasina,Laffoley-Lane,tlaffoleylanepo@yandex.ru,Female,205.63.194.21,NJ
Bret,Hemphrey,bhemphreypp@51.la,Genderfluid,219.245.102.122,TX
Tedmund,Bailes,tbailespq@abc.net.au,Female,128.232.68.223,CA
Julio,Fortman,jfortmanpr@nationalgeographic.com,Agender,64.148.237.150,CA
Berke,McKeggie,bmckeggieps@squarespace.com,Genderqueer,238.48.136.114,IL
Gusta,Gather,ggatherpt@tripadvisor.com,Genderfluid,78.71.13.61,CO
,Lyte,plytepu@discovery.com,Polygender,105.151.237.57,
,Shackleton,sshackletonpv@liveinternet.ru,Agender,27.72.239.13,
Boigie,Huxham,bhuxhampw@npr.org,Agender,75.93.205.23,UT
Roda,Parsell,rparsellpx@cnet.com,Genderqueer,184.205.188.49,MA
Forster,De Moreno,fdemorenopy@xing.com,Female,95.224.251.174,CA
Vallie,Ickowicz,vickowiczpz@admin.ch,Male,26.195.33.16,CA
Iver,Rennix,irennixq0@microsoft.com,Male,227.18.224.57,CA
Robbin,Dimsdale,rdimsdaleq1@merriam-webster.com,Male,199.153.10.72,NC
Ragnar,Cowper,rcowperq2@tmall.com,Genderqueer,46.130.207.249,NC
Madella,Caffery,mcafferyq3@ow.ly,Agender,183.105.153.75,CA
Lenee,Bradnocke,lbradnockeq4@mashable.com,Polygender,62.200.253.213,NY
Mar,Broadley,mbroadleyq5@devhub.com,Bigender,159.235.20.89,TN
Fleur,Warrillow,fwarrillowq6@newyorker.com,Genderqueer,98.9.140.242,NC
Lindy,Marskell,lmarskellq7@nasa.gov,Genderqueer,59.26.29.15,NY
Betteann,Cobden,bcobdenq8@blogtalkradio.com,Genderfluid,199.177.192.144,TX
Bambie,Peatman,bpeatmanq9@google.pl,Polygender,73.153.58.181,CA
Celestine,,cmedcraftqa@cnet.com,Polygender,,GA
Sybille,Farguhar,sfarguharqb@addtoany.com,Bigender,132.106.32.241,FL
Bryan,Colwill,bcolwillqc@symantec.com,Bigender,231.0.220.153,MN
Deloris,Cowin,dcowinqd@php.net,Genderfluid,109.200.151.151,TX
Dori,Haulkham,dhaulkhamqe@dot.gov,Agender,66.97.92.62,AZ
Buddie,Lubomirski,blubomirskiqf@icq.com,Genderqueer,145.228.219.160,IN
Jacquetta,Gilffilland,jgilffillandqg@uol.com.br,Agender,8.0.201.180,AK
Karolina,Skelton,kskeltonqh@barnesandnoble.com,Female,2.50.133.116,OH
Prinz,Klambt,pklambtqi@nydailynews.com,Non-binary,5.12.6.216,NV
Carce,Climar,cclimarqj@yelp.com,Female,248.37.237.212,CO
Andonis,Wastie,awastieqk@bloglovin.com,Bigender,177.215.23.123,OH
Mattias,Dragge,mdraggeql@youku.com,Non-binary,150.1.93.138,TN
Vassili,Boij,vboijqm@npr.org,Genderfluid,173.220.120.218,CA
Elle,Cowdrey,ecowdreyqn@printfriendly.com,Bigender,116.16.120.27,TN
Brooke,Dahmel,bdahmelqo@51.la,Female,172.152.224.210,NV
Clarie,Sedgemore,csedgemoreqp@prnewswire.com,Male,3.232.152.216,LA
Abrahan,Ropert,aropertqq@ehow.com,Genderqueer,26.188.17.213,OR
Grove,Galletly,ggalletlyqr@prnewswire.com,Bigender,52.195.134.50,IL
Chaddy,Kares,ckaresqs@artisteer.com,Genderfluid,91.110.109.42,AZ
Kirbie,Tevlin,ktevlinqt@clickbank.net,Polygender,204.123.153.214,AZ
Zeke,Donnersberg,zdonnersbergqu@java.com,Bigender,241.240.247.113,FL
Gordan,Dufaire,gdufaireqv@usatoday.com,Male,7.133.106.108,FL
Bunny,Garrish,bgarrishqw@tamu.edu,Male,226.188.55.78,NY
Deloria,Amy,damyqx@wikia.com,Male,70.254.173.116,TX
Gillian,Hallet,ghalletqy@fda.gov,Bigender,74.87.16.178,WI
Dexter,Shooter,dshooterqz@msu.edu,Agender,159.114.218.179,NY
Sigfrid,Agar,sagarr0@psu.edu,Bigender,236.170.79.55,CO
Donella,Hiom,dhiomr1@artisteer.com,Female,34.4.46.25,WA
Barbra,Adolthine,badolthiner2@exblog.jp,Genderfluid,57.62.237.206,AR
Loy,Pavier,lpavierr3@si.edu,Genderqueer,72.191.194.229,TX
Lenna,Dowker,ldowkerr4@skype.com,Female,226.109.8.217,CA
Clarance,Crumley,ccrumleyr5@technorati.com,Polygender,156.184.179.92,CA
Kearney,Niccols,kniccolsr6@salon.com,Polygender,195.223.92.122,PA
Molly,Dilon,mdilonr7@sakura.ne.jp,Male,10.159.166.50,CA
Dallas,Piscotti,dpiscottir8@angelfire.com,Genderfluid,155.74.93.212,NC
Valli,Keays,vkeaysr9@google.co.jp,Genderfluid,223.164.71.218,MN
Tiffani,Humpatch,thumpatchra@prweb.com,Male,222.112.206.196,NJ
Heidi,Allbones,hallbonesrb@e-recht24.de,Non-binary,169.69.38.169,CO
Izzy,Thaller,ithallerrc@jalbum.net,Non-binary,195.145.37.61,TX
Thaddus,Duffan,tduffanrd@weebly.com,Male,57.230.176.219,NY
Othella,,ominghire@acquirethisname.com,Bigender,,CA
Sapphira,Padillo,spadillorf@auda.org.au,Genderqueer,207.217.142.133,TX
Godiva,De Mars,gdemarsrg@mashable.com,Bigender,19.60.217.107,TX
Nora,Cornelis,ncornelisrh@blinklist.com,Non-binary,67.74.2.30,CA
Idell,Tomashov,itomashovri@youtube.com,Polygender,207.125.6.141,KS
Vanny,,vboalerrj@fema.gov,Polygender,,TX
Mary,Scoon,mscoonrk@cnet.com,Genderfluid,142.202.250.7,CO
Lorianna,Dunne,ldunnerl@webeden.co.uk,Bigender,126.14.82.102,AZ
Clea,Elder,celderrm@mlb.com,Male,78.21.153.35,PA
Gilles,Gribbell,ggribbellrn@google.ru,Genderfluid,66.255.147.133,DC
Elwyn,Sidery,esideryro@prnewswire.com,Genderqueer,114.42.96.23,NY
Georgena,Waldrum,gwaldrumrp@businessinsider.com,Genderfluid,78.127.7.186,CT
Bertina,Colbourn,bcolbournrq@google.nl,Genderqueer,56.149.210.35,TX
Hamel,Lytlle,hlytllerr@paginegialle.it,Male,255.225.58.3,VT
